user_id,name,account_number,id_number,aadhar_number,pan_number,address,age,mobile_number,annual_income
1,Aarav Patel,1.12233E+13,IN111122,1.11122E+11,ABCDE1234A,23 Liberty Lane Delhi,28,9876543201,75000
2,Aanya Singh,2.23345E+13,IN222233,,FGHIJ5678B,34 Sapphire Villa Mumbai,35,9876543202,60000
3,Arjun Sharma,3.34456E+13,IN333344,,KLMNO6789C,45 Harmony Road Bangalore,22,9876543203,70000
4,Bhavya Gupta,4.45567E+13,IN444455,4.44456E+11,PQRST1234D,56 Pearl Street Chennai,29,9876543204,80000
5,Dhruv Verma,5.56678E+13,IN555566,5.55567E+11,UVWXY5678E,67 Serenity Lane Kolkata,31,9876543205,90000
6,Eva Sharma,6.67789E+13,IN666677,6.66678E+11,YZABC6789F,78 Golden View Pune,24,9876543311,550000
7,Farhan Khan,7.78899E+13,IN777788,7.77789E+11,ABCDE1234G,89 Royal Enclave Hyderabad,27,9876543312,600000
8,Gia Kapoor,8.899E+13,IN888899,8.889E+11,FGHIJ5678H,12 Sapphire Villa Bangalore,33,9876543313,700000
9,Hrishikesh Desai,9.90011E+13,IN999900,9.999E+11,KLMNO6789I,23 Bliss Street Ahmedabad,28,9876543314,800000
10,Ishika Mehta,1.00112E+14,IN101112,1.01112E+11,PQRST1234J,34 Pearl Street Kolkata,26,9876543315,900000
11,Kabir Kapoor,1.11122E+14, IN111223,1.11223E+11,ABCDE1234K,45 Crimson Lane Pune,24,9876543320,75000
12,Leena Desai,1.22334E+14,IN122334,1.22334E+11,BCDEF2345L,56 Sapphire Villa Hyderabad,27,9876543321,60000
13,Manav Verma,1.33446E+14,IN133445,,CDEFG3456M,67 Elysian Road Bangalore,33,9876543322,80000
14,Neha Iyer,1.44557E+14,IN144556,1.44557E+11,DEFGH4567N,45 Harmony Road Ahmedabad,28,9876543323,70000
15,Ojasvi Reddy,1.55668E+14,IN155667,1.55668E+11,EFGHI5678O,56 Pearl Street Kolkata,26,9876543324,90000
16,Pranav Thakur,1.66779E+14,IN166778,1.66779E+13,FGHIJ6789P,34 Serenity Lane Chennai,31,9876543325,75000
17,Qureshi Khan,1.7789E+14,IN177889,1.7789E+13,GHIJK7890Q,12 Bliss Street Mumbai,29,9876543326,100000
18,Ritika Sharma,1.889E+14,IN188900,1.889E+13,HIJKL8901R,23 Liberty Lane Delhi,22,9876543327,80000
19,Sahil Gupta,1.99011E+14,IN199011,1.99011E+13,IJKLM9012S,45 Crimson Lane Kolkata,29,9876543328,95000
20,Tanvi Singh,2.00112E+14,IN200112,2.00112E+13,JKLMN0123T,34 Serenity Lane Pune,31,9876543329,85000
21,Uday Singh,2.11223E+14,IN211223,2.11223E+13,ABCDE1234U,56 Elysian Road Pune,24,9876543330,200000
22,Varsha Patel,2.22334E+14,IN222334,2.22334E+13,FGHIJ5678V,89 Royal Enclave Hyderabad,27,9876543331,60000
23,Waqar Khan,2.33446E+14,IN233445,2.33446E+13,KLMNO6789W,67 Elysian Road Bangalore,33,9876543332,300000
24,Xena Gupta,2.44557E+14,IN244556,2.44557E+13,PQRST1234X,45 Bliss Street Ahmedabad,28,9876543333,70000
25,Yuvan Verma,2.55668E+14,IN255667,2.55668E+13,UVWXY5678Y,78 Golden View Kolkata,26,9876543334,90000
26,Zara Khan,2.66678E+13,IN266677,,UVWXY5678Z,34 Park Avenue Kolkata,32,9876543335,85000
27,Rohan Sharma,2.77789E+13,IN277788,2.34568E+11,ABCDE1234L,45 Sunshine Villa Pune,25,9876543336,300000
28,Priya Kapoor,2.889E+13,IN288899,3.45679E+11,FGHIJ5678M,56 Royal Enclave Ahmedabad,30,9876543337,700000
29,Shaan Verma,2.999E+13,IN299900,4.56789E+11,KLMNO6789N,67 Harmony Road Chennai,28,9876543338,78000
30,Ishita Gupta,3.00011E+13,IN300011,5.6789E+11,PQRST1234O,78 Bliss Street Bangalore,34,9876543339,650000
31,Rajeev Desai,3.11122E+13,IN311122,6.78901E+11,ABCDE1234P,89 Ocean View Hyderabad,29,9876543340,400000
32,Tanish Singh,3.22233E+13,IN322233,7.89012E+11,FGHIJ5678Q,12 Crimson Lane Bangalore,31,9876543341,150000
33,Vidya Sharma,3.33344E+13,IN333344,8.90123E+11,KLMNO6789R,45 Silver Heights Mumbai,27,9876543342,80000
34,Akshay Patel,3.44456E+13,IN344455,9.01235E+11,PQRST1234S,56 Ambedkar Avenue Kolkata,26,9876543343,75000
35,Ananya Verma,3.55567E+13,IN355566,,UVWXY5678T,78 Crimson Lane Bangalore,24,9876543335,65000
36,Rishi Thakur,3.66678E+13,IN366677,2.34568E+11,ABCDE1234U,34 Nehru Street Ahmedabad,35,9876543345,70000
37,Ishaan Khan,3.77789E+13,IN377788,3.45679E+11,FGHIJ5678V,56 Bliss Street Chennai,29,9876543346,95000
38,Trisha Sharma,3.889E+13,IN388899,4.56789E+11,KLMNO6789W,91 Elysian Road Mumbai,28,9876543347,120000
39,Aarush Gupta,3.999E+13,IN399900,5.6789E+11,PQRST1234X,12 Golden View Hyderabad,34,9876543348,200000
40,Aisha Singh,4.00011E+13, IN400011,6.78901E+11,ABCDE1234Y,56 Serenity Lane Pune,31,9876543349,300000
41,Rudra Kapoor,4.11122E+13, IN411122,7.89012E+11,FGHIJ5678Z,67 Sapphire Villa Ahmedabad,27,9876543350,80000
42,Arya Sharma,4.22233E+13, IN422233,8.90123E+11,KLMNO6789A,89 Ruby Enclave Kolkata,26,9876543351,120000
43,Veer Verma,4.33344E+13, IN433344,9.01235E+11,PQRST1234B,34 Sapphire Villa Pune,24,9876543352,180000
44,Aradhya Patel,4.44456E+13, IN444455,1.23457E+11,UVWXY5678C,56 Pearl Street Mumbai,35,9876543335,300000
45,Vihaan Khan,4.55567E+13, IN455566,2.34568E+11,ABCDE1234D,78 Royal Enclave Hyderabad,29,9876543354,200000
46,Anvi Verma,4.66678E+13, IN466677,3.45679E+11,FGHIJ5678E,12 Sapphire Villa Chennai,28,9876543355,180000
47,Reyansh Sharma,4.77789E+13, IN477788,4.56789E+11,KLMNO6789F,45 Emerald View Pune,34,9876543356,150000
48,Aarna Singh,4.889E+13, IN488899,5.6789E+11,PQRST1234G,56 Pearl Street Bangalore,31,9876543357,120000
49,Arjun Thakur,4.999E+13, IN499900,6.78901E+11,ABCDE1234H,67 Elysian Road Mumbai,29,9876543358,40000
50,Aaradhya Gupta,5.00011E+13, IN500011,,FGHIJ5678I,89 Sapphire Villa Delhi,32,9876543335,280000
51,Zayn Kapoor,5.11122E+13, IN511122,,FGHIJ5678A,23 Royal Enclave Ahmedabad,27,9876543360,150000
52,Anvi Sharma,5.22233E+13, IN522233,,KLMNO6789B,34 Silver Heights Mumbai,26,9876543360,120000
53,Vihan Verma,5.33344E+13, IN533344,,PQRST1234C,45 Golden View Hyderabad,24,9876543360,90000
54,Aranya Patel,5.44456E+13, IN544455,5.44456E+11,UVWXY5678D,56 Crimson Lane Bangalore,35,9876543360,70000
55,Vivaan Khan,5.55567E+13, IN555566,5.55567E+11,ABCDE1234E,67 Green Haven Kolkata,29,9876543364,80000
56,Anika Verma,5.66678E+13, IN566677,5.66678E+11,FGHIJ5678F,78 Blue Ridge Chennai,28,9876543365,78000
57,Rehan Sharma,5.77789E+13, IN577788,5.77789E+11,KLMNO6789G,89 Sunshine Villa Pune,34,9876543366,60000
58,Aadhya Singh,5.889E+13, IN588899,,PQRST1234H,12 Ocean View Hyderabad,31,9876543367,90000
59,Arnav Thakur,5.999E+13, IN599900,,ABCDE1234I,45 Serenity Lane Mumbai,29,9876543368,85000
60,Aanya Gupta,6.00011E+13, IN600011,,FGHIJ5678J,56 Bliss Street Delhi,32,9876543369,120000
61,Rohan Verma,6.11122E+13, IN611122,6.11122E+11,KLMNO6789K,67 Paradise Lane Ahmedabad,27,9876543370,150000
62,Aarav Sharma,6.22233E+13, IN622233,6.22233E+11,PQRST1234L,89 Elysian Road Mumbai,26,9876543371,120000
63,Zara Verma,6.33344E+13, IN633344,6.33344E+11,UVWXY5678M,56 Harmony Road Delhi,24,9876543372,90000
64,Vihaan Patel,6.44456E+13, IN644455,6.44456E+11,ABCDE1234N,67 Bliss Street Bangalore,35,9876543373,70000
65,Aria Khan,6.55567E+13, IN655566,6.55567E+11,PQRST1234O,78 Serendipity Street Kolkata,29,9876543374,80000
66,Anirudh Verma,6.66678E+13, IN666677,6.66678E+11,FGHIJ5678P,45 Paradise Lane Chennai,28,9876543375,78000
67,Aisha Sharma,6.77789E+13, IN677788,6.77789E+11,KLMNO6789Q,56 Tranquility Avenue Pune,34,9876543376,60000
68,Aarav Singh,6.889E+13, IN688899,6.889E+11,PQRST1234R,67 Elysian Road Hyderabad,31,9876543377,90000
69,Aradhya Thakur,6.999E+13, IN699900,6.999E+11,ABCDE1234S,56 Tagore Street Mumbai,29,9876543378,85000
70,Aarush Gupta,7.00011E+13, IN700011,7.00011E+11,FGHIJ5678T,89 Gandhi Road Delhi,32,9876543379,120000
71,Anvi Verma,7.11122E+13, IN711122,7.11122E+11,KLMNO6789U,34 Nehru Street Ahmedabad,27,9876543380,150000
72,Zayan Sharma,7.22233E+13, IN722233,7.22233E+11,PQRST1234V,45 Bose Lane Mumbai,26,9876543381,120000
73,Aaradhya Patel,7.33344E+13, IN733344,7.33344E+11,UVWXY5678W,56 Patel Nagar Delhi,24,9876543382,90000
74,Aarav Thakur,7.44456E+13, IN744455,7.44456E+11,ABCDE1234X,67 Nehru Street Bangalore,35,9876543383,70000
75,Anaya Khan,7.55567E+13, IN755566,7.55567E+11,PQRST1234Y,78 Ambedkar Avenue Kolkata,29,9876543384,80000
76,Zara Kapoor,7.66678E+13, IN766677,,FGHIJ5678Z,12 Sunshine Villa Pune,28,9876543385,78000
77,Arjun Sharma,7.78899E+14, IN778899,,KLMNO6789A,45 Ocean View Chennai,34,9876543386,60000
78,Aaradhya Singh,7.899E+14, IN789900,7.899E+11,PQRST1234B,56 Serenity Lane Hyderabad,31,9876543387,90000
79,Aadit Thakur,7.90011E+14, IN790011,7.90011E+11,FGHIJ5678C,89 Bliss Street Delhi,32,9876543388,85000
80,Anika Gupta,8.01122E+14, IN801122,8.01122E+11,UVWXY5678D,67 Harmony Road Mumbai,27,9876543389,80000
81,Vihaan Verma,8.12233E+14, IN812233,8.12233E+11,ABCDE1234E,78 Tranquil Avenue Kolkata,29,9876543390,90000
82,Aarush Patel,8.23344E+14, IN823344,8.23344E+11,FGHIJ5678F,56 Serendipity Street Bangalore,35,9876543391,70000
83,Anvi Khan,8.34456E+14, IN834455,8.34456E+11,PQRST1234G,45 Paradise Lane Pune,28,9876543392,78000
84,Zayan Thakur,8.45567E+14, IN845566,8.45567E+11,UVWXY5678H,34 Elysian Road Ahmedabad,24,9876543393,65000
85,Aria Verma,8.56678E+14, IN856677,8.56678E+11,ABCDE1234I,12 Harmony Lane Mumbai,33,9876543394,95000
86,Aayush Sharma,8.67789E+14, IN867788,8.67789E+11,FGHIJ5678J,56 Tranquility Avenue Delhi,31,9876543395,85000
87,Anvi Singh,8.789E+14, IN878899,8.789E+11,PQRST1234K,89 Serenity Lane Hyderabad,29,9876543396,80000
88,Ziva Thakur,8.899E+14, IN889900,8.899E+11,ABCDE1234L,67 Bliss Street Kolkata,32,9876543397,75000
89,Aarav Gupta,9.00011E+14, IN900011,9.00011E+11,FGHIJ5678M,56 Tranquil Avenue Pune,27,9876543398,70000
90,Aradhya Verma,9.11122E+14, IN911122,9.11122E+11,UVWXY5678N,78 Serendipity Street Bangalore,26,9876543399,60000
91,Aanya Patel,9.22233E+14, IN922233,9.22233E+11,ABCDE1234O,45 Tranquility Avenue Chennai,28,9876543400,78000
92,Aarav Khan,9.33344E+14, IN933344,9.33344E+11,PQRST1234P,56 Bliss Street Pune,35,9876543401,90000
93,Anaya Thakur,9.44456E+14, IN944455,,FGHIJ5678Q,89 Elysian Road Ahmedabad,24,9876543402,85000
94,Aarush Singh,9.55567E+14, IN955566,9.55567E+11,UVWXY5678R,67 Harmony Road Delhi,29,9876543403,80000
95,Aaradhya Sharma,9.66678E+14, IN966677,9.66678E+11,ABCDE1234S,45 Paradise Lane Hyderabad,31,9876543404,70000
96,Zayn Khan,9.77789E+14, IN977788,9.77789E+11,PQRST1234T,56 Tranquility Avenue Bangalore,32,9876543405,78000
97,Anvi Thakur,9.889E+14, IN988899,,UVWXY5678U,89 Elysian Road Mumbai,27,9876543406,90000
98,Aayan Verma,9.999E+14, IN999900,9.999E+11,ABCDE1234V,67 Bliss Street Kolkata,33,9876543407,95000
99,Aarav Singh,1.00011E+14, IN100011,,FGHIJ5678W,56 Tranquility Avenue Pune,28,9876543408,80000
100,Aadhya Kapoor,1.01122E+14, IN101122,1.01122E+11,PQRST1234X,78 Serendipity Street Bangalore,29,9876543409,75000
